h3_cell,latitude,longitude,density_index,income_index,purchasing_power_index,commercial_index,transit_index,walkability_index,road_index,congestion_index,rent_try_sqm_month,demand_weight,population,households,benchmark_id,store_area_sqm,competitor_density_3km,poi_density_2km,accessible_pop_drive_10,cannibalization_risk,spatial_block,annual_sales_try_m
881ec90537fffff,40.85530811913322,29.15906375182273,1.0,119.869,125.987,0.802512,0.744217,0.89109,0.827625,0.889349,1949.38,7086.728,6452,2048,B0001,820,2,3,366162,0.09279573598672289,56_377,172.675
881ec91581fffff,41.00545797808663,29.128133901056604,1.0,134.976,140.128,0.909985,0.874354,0.947529,0.847708,0.933823,2265.39,8132.254,6714,2131,B0002,549,7,48,278534,0.6381799700863927,56_378,146.522
881ec911bbfffff,41.00664768932275,28.9351148571276,1.0,142.769,147.236,0.959782,0.943398,0.977562,0.856943,0.95694,2421.56,8775.081,6920,2197,B0003,696,1,5,403511,0.2294987577940711,55_378,185.0
881ec98d9dfffff,41.15299209324549,29.056778159603883,1.0,143.573,148.026,0.952005,0.941051,0.964428,0.871498,0.942503,2401.0,8588.73,6771,2150,B0004,653,0,0,263684,0.09509862570036279,56_379,155.433
881ec90527fffff,40.85778822684277,29.128333337520555,1.0,123.186,128.885,0.827472,0.772168,0.911476,0.821385,0.908032,2031.33,7301.683,6506,2065,B0005,666,0,1,272925,0.09430121836557115,56_377,144.006
881ec911e5fffff,41.02009718961406,28.872277593102805,1.0,136.232,141.522,0.917491,0.892277,0.944957,0.862793,0.928124,2278.43,8116.71,6646,2110,B0006,807,1,9,404456,0.302197807342152,54_378,185.0
881ec98c09fffff,41.220548235665795,29.02695739675931,0.208181,140.945,145.788,0.928837,0.918588,0.547088,0.882606,0.446663,2324.57,1139.836,914,290,B0007,782,0,0,112788,0.02,55_380,111.748
881ec914adfffff,41.025103584205574,29.165997074653017,1.0,134.228,138.897,0.908512,0.865364,0.965439,0.81865,0.954927,2282.97,8363.785,6943,2204,B0008,615,0,9,398510,0.3597987625897759,56_378,185.0
881ec912a7fffff,41.090286627629034,28.953788219993285,1.0,141.901,146.568,0.944277,0.930114,0.959388,0.870436,0.938547,2372.42,8471.422,6735,2138,B0009,732,3,26,403756,0.3074579236077987,55_379,185.0
881ec91593fffff,40.99927550818027,29.169571984853285,1.0,129.614,135.089,0.875115,0.828582,0.93145,0.8362,0.922514,2162.79,7760.197,6622,2102,B0010,608,2,10,403798,0.34036868473153437,56_378,185.0
881ec9c58dfffff,41.04303088350745,28.686075535156142,1.0,117.214,123.78,0.81554,0.706025,0.90063,0.795352,0.90823,1966.34,7128.1,6519,2070,B0011,594,11,27,352383,0.02,53_378,154.452
881ec906e7fffff,40.94751331198528,29.247685083368243,1.0,122.253,127.536,0.822797,0.760506,0.924821,0.796224,0.924442,2037.62,7450.558,6688,2123,B0012,698,0,1,384333,0.12322341080955286,57_377,185.0
881ec90a31fffff,40.84653972582397,28.8765575904545,0.157297,137.828,142.639,0.932328,0.911842,0.546364,0.846763,0.444593,2337.37,1202.444,975,310,B0013,814,0,0,67829,0.020809603040446607,54_376,100.131
881ec906cbfffff,40.97945036196399,29.273713021425262,1.0,118.224,124.211,0.79468,0.729498,0.896348,0.81079,0.897316,1935.42,7012.683,6452,2048,B0014,778,0,3,379060,0.05516868147210658,57_378,185.0
881ec916a5fffff,41.07674434424038,29.158840922192017,1.0,136.382,141.171,0.919929,0.884777,0.961344,0.837306,0.947594,2306.47,8366.403,6854,2176,B0015,739,0,0,400079,0.14530539354665747,56_379,185.0
881ec91455fffff,41.079228749062764,29.128033934397223,1.0,133.81,139.906,0.894536,0.868019,0.908399,0.892839,0.891305,2184.42,7764.381,6452,2048,B0016,692,0,1,270546,0.15616359413600403,56_379,156.24
881ec919e9fffff,40.904157966685744,28.75679093857386,0.406488,130.621,135.565,0.891235,0.833221,0.661747,0.806125,0.596188,2227.74,2846.414,2410,765,B0017,684,0,0,162966,0.03440652077124205,53_377,126.052
881ec9c35bfffff,41.1649063901191,28.424020325397994,0.003492,118.896,124.738,0.826159,0.705355,0.424755,0.767383,0.335624,2024.63,396.82,360,114,B0018,675,0,0,14278,0.02,51_379,74.917
881ec90553fffff,40.899614433692804,29.173207245185207,1.0,126.192,131.135,0.850361,0.79396,0.941903,0.797984,0.938666,2122.65,7788.623,6817,2164,B0019,803,4,27,371451,0.29971884205352534,56_377,174.956
881ec9055bfffff,40.908230928324315,29.172017538307653,1.0,123.612,129.341,0.831031,0.775497,0.911661,0.823703,0.907867,2039.18,7320.816,6502,2064,B0020,802,4,22,391766,0.3781169890012046,56_377,183.573
881ec98d3dfffff,41.16034476878322,28.964233228766656,1.0,142.512,146.726,0.94389,0.930074,0.969631,0.856844,0.949655,2390.62,8626.479,6855,2176,B0021,642,0,0,356620,0.07627466021694478,55_379,185.0
881ec90623fffff,40.95742628408947,29.195636144720982,1.0,125.819,131.213,0.848676,0.793627,0.928015,0.815791,0.923504,2098.92,7601.259,6655,2113,B0022,697,3,3,405581,0.3093982961982206,57_378,184.444
881ec914cbfffff,41.06564637220142,29.190833932114014,1.0,132.31,137.176,0.896042,0.850084,0.957196,0.818448,0.947961,2242.71,8191.094,6878,2183,B0023,627,0,1,391384,0.12577666551885577,57_379,185.0
881ec91509fffff,41.039915430984585,29.052284091354576,1.0,144.128,148.353,0.966341,0.949241,0.983623,0.853509,0.96,2448.49,8909.023,6979,2216,B0024,591,12,15,329080,0.37847141511939875,56_378,160.953
881ec91053fffff,41.09764393279648,28.93242242014213,1.0,141.748,146.183,0.943173,0.927366,0.966468,0.85932,0.946691,2379.67,8567.111,6824,2166,B0025,598,1,10,404350,0.193239128014802,55_379,185.0
881ec9cdd3fffff,40.92456956621947,28.601561972634258,0.366515,122.946,127.627,0.814698,0.720804,0.60789,0.772099,0.551263,2041.73,2223.266,2001,635,B0026,769,0,0,133539,0.02,52_377,104.546
881ec901dbfffff,40.89965241702073,29.031304446383814,1.0,134.09,139.732,0.902459,0.871998,0.929819,0.868333,0.914437,2224.89,7852.471,6511,2067,B0027,561,0,0,216629,0.07033291378043345,55_377,137.386
881ec91b47fffff,40.99137654535489,28.69351189373337,1.0,121.233,126.998,0.837603,0.735039,0.926014,0.782617,0.931904,2056.67,7549.634,6755,2144,B0028,805,4,4,365306,0.02057558948608754,53_378,180.701
881ec9ab65fffff,41.07175136695693,29.220442444158085,0.965601,122.237,128.826,0.824596,0.770843,0.868628,0.853905,0.85955,1985.81,6899.772,6156,1954,B0029,773,0,1,332561,0.06961106686578815,57_379,174.376
881ec9a925fffff,40.99057404929771,29.24176819013905,1.0,120.959,126.888,0.815091,0.754039,0.903863,0.818725,0.902315,1990.11,7150.754,6455,2049,B0030,659,3,16,405451,0.08202503086185524,57_378,185.0
881ec9ab43fffff,41.091350936710846,29.258345283848513,0.45649,121.328,127.189,0.821674,0.759643,0.639259,0.813721,0.58341,2010.23,2591.898,2331,740,B0031,696,0,0,181984,0.026545345232760722,57_379,126.569
881ec9baa5fffff,41.20552800327592,29.283265777959876,0.010636,125.277,130.477,0.848184,0.791355,0.442484,0.802331,0.340235,2106.35,405.304,356,113,B0032,703,0,0,23933,0.02,57_380,83.053
881ec90519fffff,40.89099737428247,29.17439671840747,1.0,119.589,126.047,0.800775,0.743572,0.880095,0.841432,0.877388,1930.27,7083.9,6452,2048,B0033,712,5,27,398187,0.23680270091398653,56_377,185.0
881ec93b4bfffff,40.82446145584283,29.22406379329119,0.763508,123.569,127.949,0.828062,0.764747,0.83298,0.764821,0.810832,2089.76,5620.931,5027,1596,B0034,627,0,0,278469,0.028909618539638554,57_376,164.369
881ec90307fffff,40.95372510169215,28.92227987313755,1.0,139.45,144.545,0.94036,0.922117,0.957014,0.868243,0.937219,2345.26,8379.167,6724,2135,B0035,713,0,2,405611,0.2428493859990893,55_377,185.0
881ec9c405fffff,41.094664575345476,28.678630404381096,0.81043,120.812,126.23,0.840353,0.733836,0.847986,0.760333,0.836827,2079.31,5985.018,5367,1704,B0036,528,0,0,301015,0.02,53_379,156.922
881ec91735fffff,41.06573560925712,29.048672397878104,1.0,144.023,148.361,0.962761,0.947773,0.976856,0.860935,0.955555,2434.16,8799.83,6902,2191,B0037,567,7,19,332898,0.3770479287832454,56_379,171.977
881ec912a1fffff,41.098890596242974,28.952574037666086,1.0,142.59,147.034,0.948779,0.934544,0.967167,0.863552,0.946495,2393.54,8603.942,6817,2164,B0038,503,3,18,404260,0.25053574202594886,55_379,185.0
881ec9c437fffff,41.07014191520557,28.702507716480728,1.0,116.089,122.904,0.8032,0.701349,0.887277,0.80803,0.893646,1923.64,6995.954,6452,2048,B0039,739,6,2,381365,0.02,53_378,177.983
881ec906bdfffff,40.936386111273215,29.279613234524273,1.0,115.724,122.153,0.773011,0.707804,0.873942,0.823896,0.875477,1860.61,6894.263,6452,2048,B0040,689,0,0,377271,0.0644664398440312,57_377,185.0
881ec91267fffff,41.136895320538564,28.865850589142262,1.0,135.407,139.516,0.889256,0.865188,0.956715,0.826579,0.943941,2255.39,8203.887,6841,2172,B0041,751,0,1,370999,0.03286239990876503,54_379,185.0
881ec9136bfffff,41.1158988406658,28.80781797231243,1.0,130.079,134.229,0.856475,0.817161,0.951224,0.800192,0.944745,2170.44,7977.12,6878,2183,B0042,674,1,22,367285,0.02,54_379,185.0
881ec9143dfffff,41.0485000071681,29.12215343513599,1.0,135.727,141.214,0.911225,0.882318,0.934051,0.87029,0.917719,2253.65,7958.24,6539,2076,B0043,749,0,9,244194,0.3646714993827648,56_378,155.494
881ec93a41fffff,40.85392761074275,29.280765848347514,0.898919,121.771,126.365,0.813935,0.748386,0.889254,0.767899,0.881727,2044.31,6660.104,6028,1914,B0044,549,1,17,313927,0.026800469955791766,57_377,169.743
881ec919c1fffff,40.91405830925895,28.775675574765657,0.54432,131.2,136.368,0.896306,0.845411,0.726549,0.819497,0.672438,2231.11,3866.492,3257,1034,B0045,620,0,0,213432,0.05563297626866672,54_377,134.13
881ec91b11fffff,40.976735126594264,28.73625187646482,1.0,124.642,130.297,0.860017,0.776647,0.935627,0.797999,0.936005,2118.44,7746.959,6780,2152,B0046,681,0,0,375162,0.050979864716314605,53_378,185.0
881ec90663fffff,40.97835299806328,29.182607346766172,1.0,125.542,131.508,0.845968,0.794787,0.908746,0.841368,0.902121,2067.14,7371.023,6452,2048,B0047,806,2,1,391562,0.2470676395270659,56_378,184.91
881ec91229fffff,41.13322365290004,28.876543290377185,1.0,138.001,141.828,0.91,0.887496,0.97241,0.822504,0.958293,2320.7,8509.511,6978,2215,B0048,653,0,0,387506,0.041690259415152156,54_379,185.0
881ec91913fffff,40.91277424549709,28.755559667346073,0.483252,127.56,133.208,0.869801,0.809408,0.672894,0.824416,0.615593,2142.65,3066.373,2642,839,B0049,559,0,0,189027,0.039131142832943396,53_377,133.119
881ec90351fffff,40.98081567175284,28.93875813532162,1.0,142.559,147.075,0.960127,0.943521,0.977782,0.856787,0.957182,2420.52,8773.198,6922,2197,B0050,615,1,2,403340,0.22276300771346408,55_378,185.0
881ec9ce83fffff,41.00104600041983,28.641305218301277,1.0,122.006,127.17,0.839479,0.729177,0.941136,0.759642,0.949633,2087.13,7773.026,6945,2205,B0051,694,6,20,346939,0.02,53_378,176.888
881ec9052dfffff,40.87010531931931,29.116496027728626,1.0,124.284,130.092,0.835397,0.782855,0.910053,0.830856,0.905029,2046.85,7316.119,6467,2053,B0052,755,0,1,235983,0.12063584863007407,56_377,140.327
881ec98d09fffff,41.18614088602685,28.960590220003827,0.627138,142.022,146.115,0.938794,0.924384,0.784514,0.850911,0.728071,2382.71,4862.192,3880,1232,B0053,572,0,0,247632,0.03807912498213928,55_380,150.526
881ec910e3fffff,41.05586502033729,28.958642561552328,1.0,140.047,145.324,0.933156,0.919027,0.939328,0.888472,0.918027,2317.88,8132.57,6523,2071,B0054,642,9,35,403743,0.4858878392951417,55_378,185.0
881ec9115dfffff,41.07047744296321,28.844797320658202,1.0,132.85,137.994,0.886841,0.855467,0.936331,0.847397,0.923498,2205.92,7885.876,6622,2102,B0055,758,1,2,404713,0.07014459646083057,54_379,185.0
881ec912b7fffff,41.087847894389405,28.98461734072997,1.0,143.36,147.867,0.954638,0.941881,0.966873,0.869229,0.945208,2405.8,8625.742,6798,2158,B0056,811,6,43,404774,0.47043028004919923,55_379,185.0
881ec91167fffff,41.042120916972955,28.808183928166507,1.0,130.923,136.006,0.887342,0.840274,0.949353,0.821556,0.940661,2211.23,8042.672,6807,2161,B0057,707,0,0,403356,0.10366292192870072,54_378,185.0
881ec91ab3fffff,40.96349555689522,28.870148795958663,1.0,135.04,140.666,0.913881,0.888629,0.937988,0.869222,0.920975,2255.15,7987.396,6571,2086,B0058,700,2,22,407232,0.5363465362441588,54_378,185.0
881ec9106bfffff,41.09020952998227,28.88265211734137,1.0,132.711,138.577,0.878179,0.856066,0.905294,0.887087,0.88896,2151.82,7677.181,6452,2048,B0059,579,0,1,404977,0.08558158279279729,54_379,185.0
881ec91b6dfffff,40.98512591381191,28.663928388670072,1.0,122.735,127.85,0.844002,0.737589,0.943664,0.76198,0.951097,2100.71,7821.879,6957,2209,B0060,609,5,11,329469,0.02,53_378,160.499
881ec90403fffff,40.915560275453934,29.22167406319661,1.0,122.102,127.56,0.820217,0.759721,0.917458,0.805011,0.916387,2023.3,7349.527,6603,2096,B0061,753,0,8,379829,0.19192153609256213,57_377,185.0
881ec90445fffff,40.93528798004356,29.188552944393624,1.0,127.49,132.338,0.860676,0.805147,0.94817,0.798038,0.944113,2153.13,7914.931,6867,2180,B0062,728,3,17,392459,0.4379447273908263,57_377,185.0
881ec93ae9fffff,40.818113179381754,29.33625117922432,0.368872,116.559,122.105,0.772457,0.704552,0.58038,0.792923,0.521301,1896.81,1829.657,1713,544,B0063,799,0,0,134750,0.02,58_376,113.669
881ec98d47fffff,41.18981909020549,28.949896818491705,0.557733,136.025,141.408,0.893322,0.877999,0.695928,0.886965,0.633309,2210.52,3567.391,2948,936,B0064,802,0,0,229718,0.031933545697126135,55_380,145.219
881ec9c4c3fffff,41.0912046811281,28.760500148280617,1.0,126.118,130.74,0.850173,0.784166,0.950928,0.780403,0.950373,2136.05,7920.178,6944,2204,B0065,703,2,5,360087,0.02,53_379,180.244
881ec91035fffff,41.057043894920426,28.907678565642392,1.0,138.858,143.905,0.927552,0.908888,0.947712,0.870562,0.928673,2313.81,8219.609,6643,2109,B0066,700,0,4,405833,0.16908645232780498,55_378,185.0
881ec91247fffff,41.15535329340049,28.883570003134704,0.926693,131.324,136.697,0.85672,0.835322,0.869524,0.870088,0.848276,2117.28,6824.734,5825,1849,B0067,598,0,0,326190,0.02988137722405133,54_379,180.988
881ec911adfffff,41.00781362278798,28.88417581734478,1.0,136.429,141.891,0.918535,0.895648,0.939639,0.871936,0.921768,2273.65,8046.028,6576,2088,B0068,575,1,19,403796,0.41391447704284684,54_378,185.0
881ec91aa1fffff,40.969572921570865,28.828675924192854,1.0,136.004,140.756,0.92837,0.892085,0.97476,0.825363,0.96,2330.7,8550.318,6995,2221,B0069,762,2,8,401351,0.335505089226942,54_378,185.0
881ec90227fffff,40.96977099229114,28.97076172544972,1.0,137.811,143.637,0.923337,0.907328,0.925008,0.898825,0.903968,2269.61,7962.781,6452,2048,B0070,492,3,2,405732,0.2348162611070484,55_378,185.0
881ec9cc0dfffff,40.973618877248576,28.55380409934405,0.45588,122.161,126.999,0.813935,0.715319,0.651095,0.770742,0.604289,2033.44,2839.355,2563,814,B0071,603,0,0,165791,0.02,52_378,131.31
881ec98ddbfffff,41.17510217166853,29.06384825178378,0.641537,142.329,147.069,0.941183,0.931011,0.771979,0.881176,0.714159,2360.81,4709.489,3741,1188,B0072,776,0,0,173778,0.05101705747858695,56_380,129.235
881ec918a5fffff,40.90432863416694,28.82780001764585,0.591442,135.328,140.335,0.921006,0.889834,0.75918,0.837632,0.703854,2300.64,4386.316,3604,1144,B0073,667,0,0,234532,0.08627683428968781,54_377,138.37
881ec9115bfffff,41.07174044323135,28.86494585013802,1.0,136.905,141.513,0.914537,0.888519,0.959044,0.841527,0.943931,2299.65,8318.83,6819,2165,B0074,533,0,0,405184,0.07149800375504672,54_379,185.0
881ec91995fffff,40.8858189410674,28.81013972517155,0.355197,130.359,136.399,0.883861,0.849966,0.597877,0.864842,0.520009,2160.98,1909.976,1616,513,B0075,732,0,0,156244,0.04627090008571817,54_377,111.793
881ec9ce39fffff,41.01798800467193,28.567685546187693,0.642634,119.541,125.137,0.811765,0.702979,0.733402,0.777818,0.706551,1996.73,4141.419,3771,1197,B0076,815,0,1,226688,0.02,52_378,139.557
881ec910cbfffff,41.08292533486591,28.97514935534211,1.0,138.306,144.045,0.91729,0.904172,0.917928,0.905245,0.896408,2256.99,7958.245,6452,2048,B0077,618,8,50,404027,0.4628011575739605,55_379,181.345
881ec9196bfffff,40.926131943554,28.692734473511262,0.526284,121.813,127.542,0.825048,0.735529,0.674118,0.800459,0.630232,2024.57,3182.161,2854,906,B0078,762,0,0,195157,0.02,53_377,131.96
881ec9c59bfffff,41.0419500778389,28.737061562016,1.0,123.597,129.086,0.854382,0.766361,0.940869,0.784139,0.943263,2111.43,7786.097,6863,2179,B0079,714,5,1,379615,0.032550790500862986,53_378,181.294
881ec90523fffff,40.86270868744833,29.137782232270528,1.0,126.718,131.483,0.85399,0.798172,0.948401,0.792505,0.945193,2139.57,7888.226,6885,2186,B0080,601,1,3,322405,0.11206017055958838,56_377,162.801
881ec91b53fffff,40.99395751237099,28.733782990610212,1.0,118.947,125.885,0.819869,0.73252,0.885545,0.831307,0.886999,1960.49,7129.893,6452,2048,B0081,624,0,0,390446,0.047445876202090995,53_378,185.0
881ec93a39fffff,40.82063895403975,29.30555261494876,0.507497,114.276,120.517,0.756059,0.689201,0.623845,0.815175,0.578079,1824.88,2739.809,2599,825,B0082,779,0,0,174792,0.02,57_376,127.86
881ec9c4c7fffff,41.08626261104022,28.751039099479552,1.0,125.565,130.266,0.851845,0.779228,0.952895,0.77526,0.953611,2137.43,7947.054,6977,2215,B0083,572,0,3,382563,0.02,53_379,185.0
881ec9116bfffff,41.05566704022889,28.8164149827154,1.0,125.867,132.239,0.843843,0.801248,0.892295,0.866397,0.882809,2043.69,7387.522,6452,2048,B0084,733,3,2,404516,0.08364403091123039,54_378,185.0
881ec9185dfffff,40.975635739927824,28.78719324297906,1.0,131.145,136.286,0.900601,0.845665,0.959921,0.813126,0.952151,2243.72,8223.847,6919,2197,B0085,814,1,0,390380,0.14824564088759162,54_378,185.0
881ec90545fffff,40.90087892969129,29.122362882433507,1.0,127.666,133.114,0.860043,0.810848,0.927757,0.828118,0.920764,2125.37,7648.264,6616,2100,B0086,603,1,0,266306,0.27078432867219343,56_377,145.588
881ec90331fffff,40.94143170778893,28.93416087612776,1.0,135.596,141.709,0.910995,0.893322,0.916234,0.900082,0.896186,2226.02,7867.176,6452,2048,B0087,657,0,0,404235,0.16193445314841867,55_377,185.0
881ec90313fffff,40.956228384948304,28.962518228843685,1.0,136.016,142.222,0.911264,0.894732,0.910836,0.908058,0.890066,2222.44,7883.976,6452,2048,B0088,585,1,0,404231,0.1653455646706352,55_377,185.0
881ec9104bfffff,41.10867240671229,28.900364984085613,1.0,139.112,143.569,0.922787,0.903461,0.959607,0.850896,0.942279,2326.56,8380.957,6794,2157,B0089,595,0,1,403552,0.0939629246803181,54_379,185.0
881ec911a3fffff,41.000461923923304,28.90552655265376,1.0,134.843,140.991,0.904283,0.884704,0.912159,0.89927,0.892906,2207.28,7825.713,6452,2048,B0090,665,1,14,403465,0.3681428550917144,55_378,185.0
881ec9a9cdfffff,41.01255659469744,29.319876210609497,0.573745,117.24,122.726,0.789874,0.71909,0.699795,0.782073,0.661226,1945.07,3498.278,3245,1030,B0091,497,0,0,219730,0.02,57_378,135.049
881ec91b21fffff,40.96058773440031,28.687781195966917,0.880665,118.454,124.899,0.808484,0.710376,0.830248,0.810715,0.823569,1952.03,5960.977,5440,1727,B0092,816,1,0,327283,0.02,53_377,166.621
881ec90233fffff,40.972256157670486,29.011003863174125,1.0,141.128,146.073,0.947853,0.929998,0.959116,0.871372,0.93856,2370.41,8462.1,6732,2137,B0093,697,6,21,405813,0.48002523087362586,55_378,185.0
881ec98de5fffff,41.14930194945568,28.99629634753998,1.0,140.228,145.361,0.927079,0.915142,0.936139,0.889339,0.914835,2307.9,8079.951,6494,2062,B0094,499,0,0,390016,0.12360210127127912,55_379,185.0
881ec914d3fffff,41.05453949144269,29.222816323904937,1.0,123.583,129.647,0.835149,0.77967,0.905693,0.834719,0.900894,2035.6,7284.949,6452,2048,B0095,789,1,2,373094,0.08674037376024085,57_378,185.0
881ec914c3fffff,41.05704029091463,29.192023865601726,1.0,130.238,135.513,0.881072,0.833925,0.940489,0.828445,0.931768,2186.78,7901.158,6716,2132,B0096,489,0,1,399977,0.14347014705862352,57_378,185.0
881ec91105fffff,41.04339132352723,28.8283272920703,1.0,134.741,139.332,0.910697,0.872543,0.967863,0.819991,0.956332,2291.73,8400.722,6956,2208,B0097,759,0,3,395997,0.12718773775108116,54_378,185.0
881ec9014bfffff,40.92788258884177,28.925924824356798,1.0,141.792,146.247,0.958827,0.940498,0.983232,0.847625,0.96,2420.24,8830.562,6993,2220,B0098,604,0,0,389178,0.13905946713190745,55_377,185.0
881ec9071bfffff,40.94760401048914,29.176715482387035,1.0,124.448,130.44,0.837454,0.784767,0.905275,0.838627,0.899628,2044.23,7315.313,6452,2048,B0099,722,6,20,398007,0.5012557737677085,56_377,174.308
881ec9174bfffff,41.117360510840726,29.041442612623715,1.0,138.151,144.0,0.913719,0.901709,0.911458,0.911708,0.889573,2242.89,7946.594,6452,2048,B0100,576,1,1,371461,0.2656740929208513,55_379,185.0
881ec9ce9bfffff,41.00730124493119,28.67089399705836,1.0,118.308,124.568,0.817546,0.708166,0.905437,0.790614,0.913195,1984.11,7214.588,6571,2086,B0101,786,8,17,377938,0.02,53_378,180.713
881ec98d33fffff,41.15298388764244,28.98560981080503,1.0,139.046,144.382,0.918149,0.905698,0.927151,0.894126,0.906201,2276.24,7971.269,6452,2048,B0102,638,0,0,381422,0.10708574658580022,55_379,185.0
881ec91299fffff,41.12349844350837,28.999927141956157,1.0,138.236,143.982,0.913586,0.901625,0.914098,0.908156,0.892448,2246.94,7945.649,6452,2048,B0103,599,1,4,404271,0.25386905307831836,55_379,185.0
881ec988bbfffff,41.187327530776145,28.9095516397391,0.522892,134.866,139.647,0.881943,0.86307,0.692343,0.858065,0.629449,2207.28,3344.659,2795,887,B0104,784,0,0,220744,0.02237983220514787,55_380,144.075
881ec91751fffff,41.1099846975616,29.062798330535983,1.0,144.523,148.732,0.963148,0.94977,0.97838,0.860149,0.956851,2440.44,8831.553,6916,2196,B0105,626,1,0,271426,0.22758615861350134,56_379,156.521
881ec9b935fffff,41.13447443222911,29.181306027566578,0.469194,131.288,137.361,0.879361,0.846097,0.642284,0.878393,0.575121,2146.98,2771.923,2340,743,B0106,539,0,0,198090,0.02751433773489641,56_379,140.827
881ec91a3bfffff,40.99780212809081,28.794186770509572,1.0,129.253,134.869,0.884792,0.831338,0.93931,0.829174,0.931291,2182.56,7881.739,6708,2130,B0107,770,1,0,407354,0.16129008251786658,54_378,185.0
881ec90203fffff,40.99316473380986,28.99792340144157,1.0,143.416,147.919,0.96297,0.94733,0.975758,0.862165,0.954464,2427.98,8771.424,6891,2188,B0108,560,12,32,405697,0.4770002340962048,55_378,182.381
881ec918d5fffff,40.94132953671316,28.863140341519276,1.0,134.741,140.336,0.913233,0.887299,0.940173,0.865458,0.923558,2254.97,8010.212,6600,2095,B0109,728,1,1,393177,0.2870948060186037,54_377,184.902
881ec9332dfffff,40.91292060610268,29.323342460432784,0.796068,120.142,125.004,0.803574,0.736003,0.827898,0.771975,0.810817,2006.41,5576.239,5096,1618,B0110,775,0,2,291759,0.02408416058275677,57_377,159.143
881ec91435fffff,41.039892741825625,29.12334999887167,1.0,138.143,142.932,0.930354,0.900108,0.962222,0.846875,0.946383,2332.88,8428.31,6831,2169,B0111,818,1,18,251256,0.46369003817154275,56_378,154.756
881ec91801fffff,40.95346469750827,28.78020308001826,1.0,131.865,136.796,0.905689,0.850266,0.967644,0.806519,0.96,2265.78,8352.734,7000,2222,B0112,718,1,0,351258,0.11017308323371006,54_377,169.436
881ec90a09fffff,40.87607379339401,28.862239566104904,0.3552,134.877,140.359,0.912605,0.889553,0.620343,0.863259,0.538979,2258.14,2170.96,1789,568,B0113,574,0,0,157405,0.04716410233694602,54_377,110.415
881ec90125fffff,40.878603482084955,28.902447107540503,0.43438,139.817,144.404,0.946601,0.926865,0.695239,0.844385,0.620276,2383.49,3270.406,2620,832,B0114,780,0,0,183026,0.04758722481566422,55_377,135.939
881ec90263fffff,40.9956051889568,28.967128477116297,1.0,139.637,145.062,0.935049,0.919943,0.939321,0.889351,0.917992,2316.75,8127.243,6521,2070,B0115,544,6,8,405714,0.2669720432172987,55_378,185.0
881ec90027fffff,40.90947130749011,28.9792309824724,1.0,141.952,146.38,0.958556,0.938309,0.982343,0.847484,0.96,2420.57,8826.716,6987,2218,B0116,585,0,0,361531,0.07535900205742527,55_377,180.16
881ec91ac7fffff,41.00034731701887,28.83445398894502,1.0,130.344,136.5,0.883104,0.847355,0.915355,0.869686,0.901991,2153.93,7626.741,6452,2048,B0117,632,0,17,406750,0.3416185628860276,54_378,185.0
881ec91a8dfffff,40.9917368016766,28.83567860615886,1.0,135.314,140.288,0.920829,0.885783,0.963716,0.834922,0.950046,2301.59,8370.111,6879,2184,B0118,818,0,25,394332,0.3876791030589168,54_378,185.0
881ec905c5fffff,40.87497318918739,29.196866973856974,1.0,123.167,128.262,0.827188,0.767032,0.93016,0.793746,0.929318,2056.76,7539.299,6736,2138,B0119,686,5,14,389955,0.1311577350483385,57_377,184.7
881ec9c6b5fffff,41.10841185962651,28.758032922279213,0.930118,123.685,128.652,0.825011,0.76258,0.892913,0.793823,0.885579,2056.19,6855.486,6120,1943,B0120,621,0,6,346505,0.02,53_379,180.527
881ec9006dfffff,40.94268347711802,28.954277071555886,1.0,139.379,144.661,0.937843,0.920759,0.94865,0.87803,0.928194,2330.5,8257.111,6629,2104,B0121,785,0,0,402649,0.11664688512982824,55_377,185.0
881ec90283fffff,40.96734501956101,29.07256435120764,1.0,138.204,143.157,0.930605,0.902628,0.957156,0.855052,0.940404,2326.42,8357.524,6767,2148,B0122,522,5,1,220854,0.2831830143025163,56_378,136.876
881ec98911fffff,41.19202744710655,28.776568785169765,0.273172,126.183,129.791,0.805412,0.770903,0.573943,0.782576,0.498542,2061.37,1678.183,1502,477,B0123,721,0,0,136083,0.02,54_380,119.573
881ec91b6bfffff,40.98642359079432,28.684063684572315,1.0,116.415,123.29,0.79954,0.695692,0.878481,0.815698,0.884901,1911.15,6997.908,6452,2048,B0124,770,2,7,370414,0.02,53_378,178.504
881ec91a89fffff,40.99667621223027,28.84513238300589,1.0,134.626,139.924,0.913288,0.881124,0.94962,0.849454,0.935036,2268.06,8147.437,6724,2135,B0125,573,1,33,406492,0.4365102871232304,54_378,185.0
881ec905d3fffff,40.87367754409139,29.247685769151385,1.0,122.879,127.536,0.823946,0.76037,0.942083,0.773602,0.943319,2067.33,7678.881,6890,2187,B0126,489,1,24,354279,0.06502230117085857,57_377,185.0
881ec904a5fffff,40.86996834442328,29.25832085014016,1.0,117.122,123.109,0.780332,0.716094,0.887473,0.812167,0.889145,1898.21,6941.923,6452,2048,B0127,673,1,33,365529,0.051263663314188,57_377,185.0
881ec90401fffff,40.91926559356043,29.211031006743053,1.0,121.437,127.248,0.815335,0.756067,0.905024,0.818409,0.9032,1995.51,7173.37,6465,2052,B0128,484,1,10,385982,0.2456032139717814,57_377,185.0
881ec91715fffff,41.08417337308888,29.06640759008134,1.0,139.709,145.065,0.929902,0.914501,0.935038,0.890928,0.91399,2306.03,8063.84,6482,2058,B0129,711,1,1,252367,0.2873975681654404,56_379,152.687
881ec9055dfffff,40.90701611939603,29.151917089739523,1.0,126.225,131.615,0.850159,0.797185,0.927438,0.818873,0.922299,2102.73,7602.074,6641,2108,B0130,779,2,17,385294,0.3920954152764271,56_377,185.0
881ec90047fffff,40.94886132318267,28.983846010490343,1.0,138.451,144.03,0.929458,0.911956,0.935532,0.888728,0.91499,2296.1,8043.466,6493,2061,B0131,541,1,0,404748,0.20225841869782674,55_377,185.0
881ec90e89fffff,40.833147990656656,29.15199708223332,0.769384,123.348,128.42,0.828345,0.769308,0.815924,0.793854,0.791761,2060.72,5410.796,4829,1533,B0132,805,0,0,281450,0.05044005909178351,56_376,158.319
881ec9c013fffff,41.110015131738464,28.513566887732285,0.116292,117.704,123.841,0.81722,0.696935,0.469439,0.776355,0.391504,1989.02,645.7,590,187,B0133,484,0,0,58705,0.02,52_379,82.416
881ec915d1fffff,41.02389182948958,29.145869988468988,1.0,130.22,136.36,0.875643,0.837672,0.907658,0.872898,0.894924,2134.93,7601.656,6452,2048,B0134,554,3,31,358815,0.539357604727278,56_378,179.246
881ec91207fffff,41.134478909005736,28.896704954780347,1.0,138.452,142.689,0.914152,0.894362,0.961227,0.841953,0.945129,2313.66,8372.497,6832,2169,B0135,670,0,0,393686,0.055367638725854845,54_379,185.0
881ec91857fffff,40.96335600658169,28.79909970960005,1.0,132.051,137.274,0.904463,0.856914,0.956792,0.824439,0.946859,2249.73,8196.699,6859,2177,B0136,717,1,0,376705,0.17633250903891545,54_378,180.625
881ec93329fffff,40.91782112272012,29.332803179011375,0.708719,113.951,120.293,0.757243,0.689138,0.724536,0.815246,0.699006,1823.86,4281.956,4064,1290,B0137,814,0,1,260725,0.020244423519259733,58_377,154.14
881ec9192dfffff,40.90394370578002,28.685770131246286,0.327402,119.921,126.047,0.803716,0.717415,0.550526,0.817993,0.486494,1952.17,1593.773,1450,460,B0138,644,0,0,141017,0.02,53_377,114.149
881ec9114bfffff,41.07414733313227,28.834110038247918,1.0,133.136,137.883,0.889577,0.854989,0.949938,0.82968,0.938597,2230.16,8082.04,6783,2153,B0139,685,4,4,404809,0.06013747036303187,54_379,185.0
881ec9172dfffff,41.07679622840314,29.016650132415194,1.0,144.18,148.563,0.961635,0.948792,0.973394,0.865883,0.951503,2429.13,8749.624,6860,2178,B0140,806,12,46,405046,0.78,55_379,171.164
881ec9a939fffff,41.00157294556541,29.280819358831124,1.0,123.08,127.754,0.832596,0.766205,0.94968,0.768516,0.951125,2089.37,7796.897,6967,2212,B0141,583,3,3,343202,0.035305378979677185,57_378,178.061
881ec90755fffff,40.95870377230535,29.144762000083418,1.0,129.482,135.04,0.872896,0.827514,0.927266,0.840698,0.917999,2153.39,7697.321,6575,2087,B0142,629,9,20,363494,0.4625770877554979,56_378,166.024
881ec90243fffff,41.01406907476993,28.984836366320362,1.0,144.359,148.671,0.9683,0.953875,0.98193,0.858768,0.96,2449.73,8887.807,6949,2206,B0143,800,14,42,406290,0.4664776863152901,55_378,178.751
881ec91ac9fffff,41.017566634693985,28.832004032565752,1.0,129.23,135.513,0.873268,0.836297,0.907239,0.87223,0.894547,2123.16,7568.937,6452,2048,B0144,504,0,10,405220,0.241141053047947,54_378,185.0
881ec91401fffff,41.06571282474072,29.119759601358485,1.0,139.985,144.582,0.940966,0.914729,0.968864,0.848471,0.95159,2368.03,8575.425,6879,2184,B0145,711,0,1,224559,0.22556420503601762,56_379,138.58
881ec911e3fffff,41.021357099017465,28.892413753823345,1.0,133.726,139.958,0.89543,0.874094,0.906471,0.899048,0.888092,2180.91,7768.52,6452,2048,B0146,658,1,3,404091,0.27418744627039926,54_378,185.0
881ec902c3fffff,40.988259665771196,29.059501089294663,1.0,142.024,146.42,0.956119,0.933279,0.979592,0.847768,0.96,2415.44,8792.679,6965,2211,B0147,779,6,23,288315,0.45738038265455394,56_378,159.952
881ec9a943fffff,41.03110873930472,29.266625103762465,0.959367,117.602,123.966,0.792702,0.727926,0.865792,0.823021,0.861958,1914.33,6621.473,6103,1937,B0148,695,4,4,329738,0.04361657696712258,57_378,169.699
881ec90e11fffff,40.84794407391066,29.109437994912078,0.771854,124.621,130.061,0.838175,0.783909,0.8086,0.815332,0.781872,2069.89,5341.159,4717,1497,B0149,595,0,0,164940,0.06450675893136758,56_377,123.646
881ec9041bfffff,40.92167007267481,29.251232428916293,1.0,124.552,129.056,0.838664,0.775692,0.952751,0.771037,0.953092,2111.76,7875.325,6983,2217,B0150,569,0,1,396926,0.11195675698326146,57_377,185.0
881ec9c501fffff,41.06495399865065,28.62189092922768,0.830657,115.524,122.269,0.804794,0.68554,0.807503,0.792738,0.800581,1931.29,5452.195,5039,1600,B0151,703,0,0,295838,0.02,53_378,160.937
881ec9c6d3fffff,41.14903314425155,28.782731586964566,0.622566,128.345,131.939,0.834802,0.793523,0.767112,0.776577,0.726179,2138.31,4496.319,3945,1252,B0152,580,0,0,239018,0.02,54_379,149.575
881ec9a941fffff,41.03481620991731,29.255971329970773,1.0,125.08,129.825,0.848469,0.785468,0.952636,0.778596,0.951839,2126.96,7904.413,6961,2210,B0153,622,4,6,346049,0.05354279164217658,57_378,171.325
881ec98da5fffff,41.128416762923514,29.00940024599864,1.0,145.069,149.128,0.964472,0.952796,0.981394,0.858161,0.959641,2450.1,8886.329,6945,2205,B0154,494,1,1,404138,0.2259808460207805,55_379,185.0
881ec91099fffff,41.063270167191426,29.008390663798295,1.0,145.239,149.364,0.970591,0.957471,0.984904,0.857337,0.96,2463.32,8953.498,6976,2215,B0155,598,17,73,404051,0.5705523007298686,55_378,178.88
881ec9c5a9fffff,41.02947192057885,28.677862963300772,1.0,118.281,124.563,0.822206,0.711406,0.910065,0.787223,0.917963,1995.53,7278.696,6618,2101,B0156,484,10,28,345494,0.02,53_378,162.326
881ec906a3fffff,40.93148184681097,29.270152156509127,1.0,122.423,127.275,0.823049,0.758605,0.937638,0.778281,0.938761,2056.81,7614.458,6842,2172,B0157,748,0,1,373495,0.07831242086203247,57_377,185.0
881ec912bbfffff,41.101373168386125,28.99287596217819,1.0,143.733,148.144,0.956353,0.943971,0.969519,0.867257,0.947813,2414.26,8673.32,6824,2166,B0158,804,4,26,402994,0.4310257442658251,55_379,185.0
881ec9cce3fffff,40.94310920768232,28.61919531223836,0.561689,123.12,127.85,0.825262,0.726819,0.714145,0.766048,0.677456,2067.5,3776.062,3382,1074,B0159,794,0,0,202016,0.02,53_377,128.525
881ec90ac5fffff,40.857686351827894,28.915536237930525,0.251364,134.757,140.592,0.907746,0.888121,0.552686,0.882301,0.459465,2230.07,1240.391,1023,325,B0160,740,0,0,127745,0.025421584188788315,55_377,115.093
881ec9c60dfffff,41.16347725332968,28.668689891292964,0.237423,120.225,125.354,0.81246,0.727614,0.546473,0.771502,0.475697,2018.32,1416.192,1288,409,B0161,586,0,0,119689,0.02,53_379,104.231
881ec902c9fffff,41.00056017796601,29.04763484955732,1.0,139.589,144.81,0.935706,0.915972,0.946269,0.87802,0.926371,2327.38,8233.208,6611,2099,B0162,803,12,34,341459,0.5337197967428517,56_378,166.803
881ec905bbfffff,40.84290853471764,29.241779360926984,0.955875,120.627,125.718,0.806073,0.742236,0.900516,0.785623,0.897765,2002.73,6943.113,6320,2006,B0163,642,1,2,324507,0.037398037603564194,57_376,176.459
881ec9c081fffff,41.090485254662276,28.546956790452327,0.280873,120.04,125.596,0.834868,0.714899,0.575195,0.758975,0.513651,2059.31,1811.352,1632,518,B0164,799,0,0,118092,0.02,52_379,97.383
881ec91653fffff,41.14066153852081,29.139806882455744,0.680957,141.982,146.269,0.949569,0.928695,0.816695,0.848391,0.76611,2402.86,5456.587,4335,1376,B0165,741,0,0,193425,0.03721542316293488,56_379,139.434
881ec9051dfffff,40.88608155555096,29.164943688819427,1.0,122.066,127.968,0.819267,0.762665,0.902788,0.825873,0.899793,2001.59,7191.237,6452,2048,B0166,573,4,21,390340,0.2152444893202683,56_377,185.0
881ec98985fffff,41.16383824839623,28.81114046299065,0.557437,126.999,131.263,0.817293,0.785361,0.703264,0.809944,0.653302,2063.86,3529.799,3126,992,B0167,819,0,0,213715,0.02,54_379,140.09
881ec916abfffff,41.08655665847436,29.177787974335125,1.0,129.535,135.649,0.871359,0.831817,0.907963,0.868346,0.896057,2125.18,7567.835,6452,2048,B0168,510,0,0,367993,0.0950077505739256,56_379,183.526
881ec91a2bfffff,41.000189027090514,28.76336943583301,1.0,123.714,130.018,0.850803,0.779419,0.912257,0.828742,0.909328,2066.59,7393.247,6500,2063,B0169,732,0,0,398843,0.08482509823202943,54_378,185.0
881ec9173dfffff,41.07434119167782,29.04746802633392,1.0,143.985,148.351,0.961572,0.947194,0.974928,0.862928,0.953478,2429.82,8769.017,6881,2184,B0170,533,4,16,339392,0.42238586520409643,56_379,178.143
881ec9131bfffff,41.11108931204726,28.869519961104572,1.0,136.439,140.782,0.902427,0.878376,0.957218,0.835899,0.942961,2279.38,8258.411,6819,2165,B0171,695,0,0,404784,0.052172309285719816,54_379,185.0
881ec9c6e3fffff,41.13293800155397,28.734163790597393,0.623731,123.124,127.752,0.818393,0.752583,0.746356,0.778115,0.710385,2053.7,4219.026,3790,1203,B0172,707,0,1,228505,0.02,53_379,140.024
881ec919cbfffff,40.9190068702969,28.785119145680092,0.626402,132.679,137.646,0.907219,0.859735,0.777248,0.817001,0.730254,2267.67,4708.221,3930,1248,B0173,719,0,0,245629,0.07070996343631517,54_377,147.708
881ec910a9fffff,41.04725818701849,28.959855550351357,1.0,140.367,145.586,0.93627,0.922084,0.942623,0.886454,0.921259,2328.41,8189.982,6555,2081,B0174,666,8,37,403952,0.4846154372071411,55_378,185.0
881ec9a967fffff,41.00779437131883,29.239399803542973,1.0,122.731,128.344,0.828998,0.768557,0.918271,0.81062,0.916245,2039.42,7387.883,6594,2093,B0175,564,6,22,402097,0.07814667193208631,57_378,185.0
881ec9066dfffff,40.98575390802688,29.161299650721528,1.0,126.304,132.649,0.849761,0.803821,0.89645,0.863472,0.887294,2060.24,7416.239,6452,2048,B0176,666,5,10,396359,0.4033598787972073,56_378,185.0
881ec911d5fffff,41.036152687331416,28.920792550981883,1.0,137.618,143.214,0.919524,0.902215,0.929218,0.889639,0.909238,2269.64,7938.6,6452,2048,B0177,506,2,3,406069,0.23291135930684426,55_378,185.0
881ec910d1fffff,41.07556005775329,28.996505821779646,1.0,138.833,144.534,0.921508,0.908762,0.920523,0.905234,0.898667,2269.47,7985.685,6452,2048,B0178,501,10,59,404013,0.6271204626838713,55_379,183.572
881ec91535fffff,41.00548053373641,29.05709636919368,1.0,141.232,145.977,0.94836,0.927695,0.965034,0.862334,0.945482,2380.35,8553.457,6806,2161,B0179,630,12,21,302745,0.41930579347698216,56_378,147.842
881ec91a4dfffff,41.03828820710334,28.747751461578016,1.0,122.591,128.533,0.844262,0.762192,0.922315,0.804364,0.923105,2065.72,7504.543,6655,2113,B0180,696,2,0,386265,0.04161017884023331,53_378,185.0
881ec9c0b7fffff,41.06102540710685,28.561424610269608,0.486778,117.53,123.688,0.809611,0.693328,0.647056,0.782954,0.605605,1968.04,2821.33,2587,821,B0181,498,0,0,185031,0.02,52_378,129.533
881ec91183fffff,41.018935823220126,28.923225305477082,1.0,138.68,144.059,0.929079,0.911806,0.940071,0.882592,0.91992,2303.56,8110.183,6547,2078,B0182,720,0,5,403695,0.22191170948378267,55_378,185.0
881ec91893fffff,40.92168772872708,28.896362656109666,1.0,139.004,143.873,0.941088,0.920422,0.967881,0.853074,0.949418,2357.28,8522.079,6855,2176,B0183,650,0,0,362252,0.15710272080471563,54_377,176.161
881ec9aa1dfffff,41.10958077025904,29.34720023803147,0.084936,118.27,123.003,0.802151,0.726798,0.486368,0.747907,0.401078,2009.5,853.376,787,250,B0184,526,0,0,50628,0.02,58_379,90.36
881ec9a93bfffff,40.997862797929095,29.29146742596205,0.919705,117.412,123.319,0.789988,0.722477,0.858562,0.80278,0.852703,1927.05,6241.882,5775,1833,B0185,512,2,0,321739,0.031017135939614516,57_378,170.406
881ec91443fffff,41.08292335587856,29.117364825383117,1.0,137.898,143.173,0.922913,0.899312,0.940584,0.873594,0.922429,2292.31,8103.429,6579,2089,B0186,495,1,0,211319,0.13952934755926172,56_379,142.203
881ec91a63fffff,41.01246257613982,28.75145209405789,1.0,120.601,127.338,0.830205,0.750703,0.894162,0.832305,0.893634,1995.45,7201.51,6452,2048,B0187,798,0,0,392478,0.06043383272875752,53_378,185.0
881ec9ce59fffff,41.057379337079034,28.572128418019467,0.57008,119.159,124.92,0.822741,0.706164,0.705706,0.770322,0.6726,2018.94,3676.463,3337,1059,B0188,675,0,0,200423,0.02,52_378,134.407
881ec9c1a7fffff,41.02858429911178,28.464427847339362,0.109657,119.966,125.328,0.796538,0.697939,0.455764,0.786862,0.374417,1966.19,479.761,439,139,B0189,794,0,0,56867,0.02,51_378,84.093
881ec93015fffff,40.89412668250462,29.44739287513935,0.09845,113.287,119.368,0.748173,0.67746,0.421514,0.804089,0.336699,1811.6,322.094,308,98,B0190,652,0,0,52189,0.02,58_377,84.204
881ec90421fffff,40.90082577414795,29.193305218183397,1.0,126.536,131.12,0.853077,0.794621,0.954051,0.782844,0.951955,2145.14,7957.199,6958,2209,B0191,795,5,25,379342,0.24969924599583618,57_377,185.0
881ec91869fffff,40.964459978864724,28.74816696293749,1.0,122.84,129.262,0.843579,0.768775,0.905395,0.83034,0.903376,2042.92,7296.02,6452,2048,B0192,766,0,0,357194,0.06292244354316322,53_378,184.606
881ec910a3fffff,41.034969172845635,28.9717427542208,1.0,142.266,147.077,0.951111,0.937134,0.96014,0.874727,0.938538,2384.04,8501.355,6729,2136,B0193,669,12,54,405649,0.6749071788017537,55_378,185.0
881ec918adfffff,40.912944920323746,28.82657581677832,0.697497,129.254,135.757,0.876187,0.843915,0.752886,0.88124,0.708418,2121.38,4676.283,3978,1263,B0194,568,0,0,268068,0.1059285928964232,54_377,145.054
881ec9a923fffff,40.99177015813064,29.261884074743122,1.0,122.603,127.731,0.828072,0.764188,0.933331,0.788083,0.933391,2058.08,7574.127,6780,2152,B0195,787,3,10,380501,0.05718827773729072,57_378,185.0
881ec912c3fffff,41.13454346502886,28.967874086327353,1.0,143.861,147.94,0.955496,0.942121,0.978316,0.85444,0.957666,2426.27,8800.944,6932,2201,B0196,553,0,2,404371,0.14946913092400044,55_379,185.0
881ec9b9c5fffff,41.150372599024486,29.229901480200606,0.163259,127.785,133.471,0.862482,0.815083,0.503947,0.83817,0.412176,2121.45,781.006,674,214,B0197,627,0,0,92184,0.02,57_379,108.384
881ec9109bfffff,41.05958479832131,29.0190648598874,1.0,145.098,149.251,0.97004,0.956507,0.984207,0.857599,0.96,2460.69,8940.157,6970,2213,B0198,545,14,65,404773,0.5263100111131498,55_378,178.424
881ec91439fffff,41.053411375616584,29.131622398651974,1.0,134.638,140.255,0.904158,0.87348,0.928777,0.870867,0.913151,2230.06,7854.412,6495,2062,B0199,636,0,5,290544,0.318011114711212,56_378,170.202
881ec90683fffff,40.949902943659126,29.287896422342065,1.0,116.646,122.774,0.780789,0.714756,0.886341,0.812968,0.888214,1893.64,6933.148,6452,2048,B0200,631,0,0,369436,0.05282397943263213,57_377,182.604
881ec93101fffff,40.867301766633474,29.359926433922084,0.451214,114.846,120.796,0.760466,0.69195,0.606111,0.803839,0.555434,1848.76,2348.116,2221,705,B0201,773,0,0,170233,0.02,58_377,126.672
881ec9071dfffff,40.94639140919041,29.156606324182288,1.0,128.919,134.182,0.86988,0.820649,0.936607,0.823883,0.929251,2158.59,7806.394,6699,2127,B0202,752,7,26,404782,0.6676206964338599,56_377,179.273
881ec90ea5fffff,40.80113728973942,29.126047325429802,0.348717,120.422,126.139,0.806258,0.747338,0.578989,0.812256,0.512983,1976.28,1764.314,1603,509,B0203,756,0,0,89191,0.02,56_376,101.617
881ec9a927fffff,40.98686713885199,29.252417648809068,1.0,122.902,128.12,0.829818,0.767211,0.930567,0.793785,0.929936,2058.57,7547.786,6741,2140,B0204,702,2,15,395756,0.0727848372275755,57_378,185.0
881ec91361fffff,41.11096216856427,28.79835273151875,1.0,125.559,130.701,0.826081,0.782546,0.913841,0.824009,0.90846,2050.09,7360.16,6512,2067,B0205,644,2,24,376740,0.02,54_379,185.0
881ec916e9fffff,41.111160086391806,29.154065457556744,1.0,136.425,141.62,0.915134,0.886279,0.943341,0.861037,0.927351,2276.16,8104.43,6639,2108,B0206,693,0,0,311456,0.06030366483920858,56_379,165.766
881ec9da31fffff,41.17130405342551,28.259972364627423,6e-06,121.236,126.302,0.80963,0.708783,0.416715,0.774685,0.324697,2012.87,304.369,276,88,B0207,670,0,0,15941,0.02,50_379,67.666
881ec9c4a1fffff,41.05550243035268,28.745283160988006,1.0,122.528,128.272,0.841369,0.759292,0.925842,0.797521,0.927274,2066.65,7541.189,6702,2128,B0208,505,2,0,383661,0.030623551190526194,53_378,178.126
881ec93a5bfffff,40.85631230830811,29.32093239818191,0.662849,117.425,122.887,0.78034,0.713141,0.733451,0.791284,0.703248,1920.75,4066.392,3783,1201,B0209,650,0,3,238958,0.02,57_377,149.734
881ec9336dfffff,40.93386474476914,29.310354505111064,0.911376,121.736,126.324,0.817394,0.750114,0.899621,0.764065,0.893637,2053.75,6832.381,6177,1961,B0210,820,0,0,320785,0.03371147035402284,57_377,170.811
881ec91263fffff,41.141824751482346,28.875320803623175,1.0,135.971,140.142,0.893148,0.870575,0.955557,0.831914,0.94194,2262.57,8206.026,6816,2164,B0211,553,0,0,365295,0.034888275997152114,54_379,185.0
881ec90625fffff,40.956217345370106,29.17552548446197,1.0,125.636,131.468,0.846272,0.794566,0.912748,0.836021,0.906538,2073.69,7395.764,6474,2055,B0212,692,6,11,405398,0.4387934958752507,56_378,185.0
881ec98981fffff,41.16877111935446,28.82061176469956,0.53175,127.968,132.14,0.823375,0.793629,0.694199,0.810832,0.640865,2083.27,3375.764,2972,943,B0213,705,0,0,210675,0.02,54_379,138.431
881ec9101bfffff,41.0853614809554,28.94432096328815,1.0,137.4,143.126,0.911282,0.896453,0.917312,0.900519,0.896768,2242.28,7912.285,6452,2048,B0214,583,3,20,404048,0.2901166330243493,55_379,185.0
881ec910e7fffff,41.05093855779035,28.949178815735134,1.0,141.028,146.004,0.941438,0.92671,0.951897,0.877833,0.930846,2352.13,8342.677,6654,2112,B0215,552,5,19,404303,0.3848512465290169,55_378,185.0
881ec9001bfffff,40.939040876052125,29.035941390162666,1.0,134.025,140.227,0.898749,0.873898,0.908653,0.896657,0.890767,2190.85,7786.257,6452,2048,B0216,526,0,2,359072,0.20768196821522064,55_377,185.0
881ec90591fffff,40.856439590860056,29.250048939558706,1.0,120.065,125.309,0.802104,0.738085,0.916837,0.79008,0.918495,1986.03,7272.249,6641,2108,B0217,575,1,10,366958,0.044919833360565466,57_377,185.0
881ec9a96dfffff,41.02010889695266,29.227561281668002,1.0,126.822,131.749,0.85939,0.801413,0.948283,0.795502,0.944864,2146.81,7902.301,6876,2183,B0218,758,5,16,375432,0.10159927766757376,57_378,185.0
881ec90ec7fffff,40.836848486540084,29.1413590660369,0.777243,119.44,125.635,0.799238,0.741155,0.776393,0.829643,0.752425,1937.68,5038.787,4600,1460,B0219,795,0,0,268857,0.05539357781715801,56_376,148.828
881ec901e1fffff,40.87868707214795,28.97341087358595,0.560648,138.505,143.495,0.93456,0.911706,0.739709,0.858066,0.677756,2335.09,4074.483,3290,1044,B0220,495,0,0,216889,0.032585236586107534,55_377,139.831
881ec9cb67fffff,41.00509493112542,28.244025860284644,4.7e-05,126.208,129.778,0.804422,0.729254,0.429986,0.768102,0.3347,2060.37,433.327,388,123,B0221,807,0,0,21193,0.02,50_378,74.158
881ec9191bfffff,40.92138995633624,28.75432815447111,0.566592,123.542,130.131,0.841211,0.778406,0.677824,0.849795,0.629449,2028.95,3414.255,3011,956,B0222,611,0,0,222875,0.04413526815900356,53_377,142.138
881ec9ced3fffff,41.01956601707056,28.65896034340447,1.0,120.529,126.151,0.835922,0.723495,0.931828,0.767989,0.940345,2058.92,7621.464,6848,2174,B0223,680,6,23,383679,0.02,53_378,176.246
881ec9122dfffff,41.12829389325321,28.86707395380678,1.0,131.236,136.557,0.859793,0.835721,0.911572,0.86376,0.898291,2127.74,7563.61,6452,2048,B0224,795,0,0,390506,0.038771419767588154,54_379,185.0
881ec9cd17fffff,40.92426172062986,28.53049959742838,0.170804,125.08,129.074,0.817349,0.729628,0.522023,0.761868,0.445351,2077.06,1182.733,1057,336,B0225,488,0,0,72268,0.02,52_377,91.289
881ec91083fffff,41.05342565685545,28.989459238838016,1.0,144.507,148.799,0.965932,0.952645,0.979026,0.861459,0.957213,2444.23,8845.117,6918,2196,B0226,660,18,89,404092,0.7102551605006622,55_378,171.785
881ec9a99dfffff,40.98908674032181,29.36362763436272,0.338636,117.786,122.713,0.791813,0.719132,0.59871,0.760741,0.538204,1974.09,2042.133,1893,601,B0227,589,0,0,131764,0.02,58_378,101.564
881ec98d8bfffff,41.15667928358173,29.04609529950948,1.0,140.436,145.665,0.928025,0.917306,0.932865,0.895074,0.91093,2306.07,8039.982,6452,2048,B0228,702,0,0,296387,0.09371769952846963,55_379,166.825
881ec98997fffff,41.15776661812766,28.85270703631053,0.755277,129.308,134.207,0.838162,0.812708,0.790899,0.844359,0.756062,2090.02,5098.183,4426,1405,B0229,664,0,1,282227,0.02,54_379,169.363
881ec916c3fffff,41.11727085372302,29.18368941076571,0.65809,133.47,138.752,0.898715,0.861791,0.769372,0.847918,0.722407,2230.95,4658.315,3883,1233,B0230,500,0,0,261136,0.04203968000659999,56_379,161.781
881ec904a9fffff,40.88349479360238,29.266595093312908,1.0,119.487,124.883,0.798445,0.733928,0.911482,0.794079,0.913197,1970.12,7190.15,6587,2091,B0231,634,0,33,357472,0.05516261228375013,57_377,185.0
881ec91341fffff,41.12943634822794,28.816055816324255,0.959528,130.318,134.39,0.852614,0.817658,0.928227,0.803423,0.917056,2163.47,7528.316,6496,2062,B0232,765,0,14,346268,0.02,54_379,185.0
881ec91051fffff,41.10132108901825,28.92173777240792,1.0,134.948,140.904,0.892093,0.875252,0.904044,0.902315,0.884961,2183.21,7788.467,6452,2048,B0233,748,0,5,403235,0.1522345651240072,55_379,185.0
881ec911d7fffff,41.03247457250314,28.9314694301818,1.0,136.08,142.176,0.907401,0.8911,0.90953,0.906988,0.889048,2216.9,7871.539,6452,2048,B0234,602,2,7,404991,0.28960761110991257,55_378,185.0
881ec90759fffff,40.97222999546914,29.153029656014162,1.0,129.839,135.317,0.875859,0.830308,0.930827,0.838152,0.921559,2164.45,7756.625,6611,2099,B0235,490,7,15,389612,0.39684857210392116,56_378,183.266
881ec91725fffff,41.06819079954033,29.017857614904056,1.0,143.343,147.937,0.956105,0.942938,0.965756,0.871575,0.943906,2405.9,8613.537,6783,2153,B0236,677,12,57,404511,0.6371012404667437,55_379,174.974
881ec91125fffff,41.02490487035103,28.810639312406416,1.0,125.531,132.208,0.849673,0.80353,0.89077,0.870773,0.881172,2046.16,7402.52,6452,2048,B0237,550,0,0,404828,0.15205684447734266,54_378,185.0
881ec91997fffff,40.8821481540567,28.820806028461096,0.343584,136.241,140.952,0.926759,0.896024,0.645397,0.828869,0.565414,2328.06,2527.104,2067,656,B0238,708,0,0,148704,0.04616487300386003,54_377,117.219
881ec9b927fffff,41.13326922015912,29.161154719084585,0.618764,137.468,142.45,0.921226,0.893872,0.759878,0.857087,0.705388,2300.84,4471.595,3643,1157,B0239,560,0,0,247588,0.032065240901323344,56_379,152.968
881ec9c6bbfffff,41.118291457035504,28.776961040747555,0.906357,120.428,126.332,0.789633,0.738939,0.833833,0.836015,0.821825,1924.14,6189.186,5654,1795,B0240,745,0,11,338914,0.02,54_379,185.0
881ec98dcbfffff,41.17756343519774,29.032997064106002,0.718839,143.977,148.243,0.95334,0.942923,0.828858,0.866216,0.778992,2412.39,5734.629,4515,1433,B0241,525,0,0,264654,0.056557459407902445,55_380,156.299
881ec9153dfffff,41.01409011339915,29.055893654541585,1.0,142.274,146.82,0.955244,0.935561,0.972523,0.858244,0.952633,2406.46,8692.425,6877,2183,B0242,731,13,15,309562,0.3687969155236532,56_378,146.557
881ec912d1fffff,41.13578261434174,28.988032814823306,1.0,142.504,147.074,0.944992,0.93267,0.959582,0.871785,0.938315,2378.11,8486.514,6732,2137,B0243,663,0,1,404227,0.17205365264028205,55_379,185.0
881ec9ce87fffff,40.99608896436422,28.631857732573252,1.0,121.838,126.999,0.835,0.725678,0.937365,0.761786,0.945861,2075.51,7713.207,6908,2193,B0244,532,5,19,335634,0.02,53_378,168.521
881ec912b3fffff,41.09276937152556,28.99408615344567,1.0,138.998,144.619,0.921447,0.908976,0.921999,0.903401,0.900225,2272.68,7988.177,6452,2048,B0245,718,6,37,403786,0.5248178471118293,55_379,185.0
881ec9a835fffff,41.02234703401948,29.33881944195312,0.396114,117.751,122.822,0.794379,0.721644,0.625924,0.764663,0.570748,1974.64,2398.337,2220,705,B0246,786,0,0,156379,0.02,58_378,119.19
881ec91529fffff,41.02146774787735,29.03456003166717,1.0,144.046,148.344,0.966278,0.949728,0.981818,0.856157,0.96,2445.21,8880.431,6957,2209,B0247,591,19,35,395991,0.5859472199967461,55_378,166.391
881ec911c5fffff,41.03857364163781,28.889974783938,1.0,140.056,144.614,0.940968,0.919413,0.970512,0.849003,0.952464,2369.7,8587.73,6888,2187,B0248,764,0,2,405201,0.17550470923731898,54_378,185.0
881ec90365fffff,40.95982073287149,28.880820373546253,1.0,135.402,141.072,0.915085,0.891806,0.935787,0.874174,0.918058,2256.16,7964.831,6539,2076,B0249,649,2,15,406404,0.4746786237181217,54_378,185.0
881ec910c3fffff,41.07432030496544,28.976361065380658,1.0,140.752,145.908,0.936288,0.923117,0.942224,0.88758,0.920624,2330.9,8191.596,6548,2079,B0250,600,8,57,404576,0.5824840143056563,55_379,185.0
881ec98cb3fffff,41.16155623216509,29.12673617148131,0.490578,143.305,147.53,0.954308,0.938597,0.720854,0.855819,0.649617,2417.18,3722.615,2938,933,B0251,575,0,0,104588,0.032428737350211144,56_379,105.125
881ec90319fffff,40.96852305091069,28.950639996530093,1.0,142.745,147.26,0.961523,0.945201,0.978207,0.857447,0.957427,2424.13,8786.4,6924,2198,B0252,493,1,0,404412,0.1658418935701803,55_378,185.0
881ec91a51fffff,41.0322391128297,28.78926996938638,1.0,129.408,134.549,0.883552,0.826194,0.951626,0.809751,0.945582,2199.72,8049.68,6863,2179,B0253,817,0,0,396228,0.09449702673000833,54_378,185.0
881ec98da9fffff,41.14193507988056,29.01766590968447,1.0,144.481,148.674,0.9592,0.947883,0.974977,0.862834,0.953206,2430.7,8771.317,6880,2184,B0254,726,0,0,397954,0.15605763953305432,55_379,185.0
881ec90067fffff,40.93038638334472,28.96615124957813,1.0,136.336,142.346,0.915282,0.897462,0.91948,0.898965,0.899246,2241.35,7899.3,6452,2048,B0255,581,0,0,398991,0.1074094287656191,55_377,185.0
881ec989b9fffff,41.15650442440792,28.832538553278898,0.698859,129.696,133.928,0.839907,0.811192,0.783287,0.816652,0.745031,2123.28,4860.791,4222,1340,B0256,597,0,1,266940,0.02,54_379,168.722
881ec9c527fffff,41.03782775459284,28.60548119479456,0.877663,120.573,126.012,0.833459,0.71787,0.872906,0.761337,0.870288,2060.28,6498.737,5848,1857,B0257,627,1,2,313451,0.02,52_378,169.359
881ec91827fffff,40.92634001857475,28.76377179897313,0.643238,128.439,133.995,0.878294,0.819301,0.759975,0.822314,0.718032,2168.54,4482.813,3838,1218,B0258,537,0,0,252001,0.05620115766005604,54_377,128.794
881ec90a0dfffff,40.871129836506526,28.852798020319664,0.29957,133.213,139.019,0.900615,0.876624,0.579272,0.871109,0.492766,2213.47,1603.181,1334,423,B0259,679,0,0,157841,0.04041712035500554,54_377,116.539
881ec91769fffff,41.102609077428816,29.013026259225008,1.0,143.369,147.922,0.953488,0.941389,0.9641,0.872393,0.942199,2400.77,8583.457,6766,2148,B0260,655,2,21,403421,0.4644124439000645,55_379,185.0
881ec9b123fffff,41.26686897090771,29.295158387892158,0.000494,127.866,133.019,0.859757,0.81227,0.436274,0.817988,0.329747,2137.29,328.148,284,90,B0261,693,0,0,14078,0.02,57_380,80.499
881ec9119bfffff,41.02511535691173,28.952819698261244,1.0,141.053,146.077,0.943818,0.928916,0.952881,0.878239,0.931673,2356.33,8360.94,6661,2115,B0262,507,6,25,402616,0.4183660083965265,55_378,185.0
881ec9cda1fffff,40.891120220977875,28.55563134527076,0.113698,122.276,126.965,0.792343,0.707436,0.461516,0.78667,0.378703,1982.66,526.283,479,152,B0263,766,0,0,48224,0.02,52_377,78.908
881ec90585fffff,40.85403009138792,29.20987683788218,1.0,120.803,126.173,0.808602,0.74677,0.915539,0.797974,0.915905,1997.23,7280.428,6608,2098,B0264,773,3,1,362036,0.06897631979133911,57_377,180.075
881ec9a131fffff,41.121692247760265,29.40644561413923,0.019075,115.605,120.318,0.782001,0.702874,0.448386,0.737127,0.35914,1958.87,615.896,579,184,B0265,738,0,0,25067,0.02,58_379,73.206
881ec9ce51fffff,41.048772752482265,28.57337997905801,0.615739,121.468,126.641,0.837569,0.72239,0.749326,0.754958,0.7206,2082.06,4325.379,3876,1230,B0266,601,0,0,215600,0.02,52_378,134.049
881ec91851fffff,40.97196839232674,28.797871836648074,1.0,131.393,136.715,0.900102,0.850985,0.952764,0.82554,0.943293,2234.39,8123.589,6824,2166,B0267,672,1,0,384060,0.18275902029158114,54_378,185.0
881ec93ad5fffff,40.82048101829269,29.376397228024636,0.230526,120.536,124.972,0.80163,0.73265,0.55382,0.758232,0.48144,2019.41,1495.621,1368,434,B0268,605,0,0,96185,0.02,58_376,99.78
881ec9c697fffff,41.12322963573786,28.78642635846434,0.894467,126.707,131.13,0.832174,0.786495,0.883404,0.797956,0.869122,2096.62,6659.19,5868,1863,B0269,595,0,13,333055,0.02,54_379,185.0
881ec93167fffff,40.86121590006638,29.330387037048737,0.623495,115.854,121.672,0.768502,0.700967,0.699132,0.801422,0.665158,1875.05,3643.8,3423,1087,B0270,502,0,3,221824,0.02,58_377,134.452
881ec9175dfffff,41.11367310178549,29.05212105792961,1.0,142.723,147.415,0.948724,0.936163,0.958373,0.876066,0.936617,2382.56,8481.282,6710,2130,B0271,771,0,0,325725,0.25185590222027554,56_379,170.587
881ec9b987fffff,41.12576247912605,29.25360883286141,0.227738,126.371,131.366,0.858251,0.799874,0.561642,0.795082,0.481162,2141.17,1513.983,1320,419,B0272,536,0,0,126758,0.02,57_379,106.678
881ec911abfffff,41.00907186719158,28.904308781962673,1.0,134.429,140.664,0.900472,0.880816,0.907741,0.902162,0.888561,2193.73,7804.732,6452,2048,B0273,581,1,8,402784,0.32188161763996453,55_378,185.0
881ec98851fffff,41.24740177983154,28.829735641838315,0.073086,129.864,132.892,0.824812,0.80029,0.491839,0.779389,0.393789,2135.3,825.356,724,230,B0274,482,0,0,44022,0.02,54_380,82.157
881ec91049fffff,41.11234656737494,28.8896768446042,1.0,135.763,140.775,0.897148,0.876374,0.934461,0.863785,0.918201,2236.91,7924.485,6556,2081,B0275,673,0,0,404683,0.07370064948201033,54_379,185.0
881ec91525fffff,41.007936790730035,29.026303346033092,1.0,140.774,145.888,0.942568,0.925873,0.950082,0.879945,0.929127,2349.31,8318.444,6635,2106,B0276,696,17,46,407935,0.5446250011544768,55_378,171.568
881ec93b6dfffff,40.80479579342547,29.18627861449294,0.517622,120.534,125.812,0.805786,0.743876,0.675919,0.793728,0.628525,1993.92,3129.706,2848,904,B0277,483,0,0,160739,0.021629825929966692,57_376,117.268
881ec9c2e7fffff,41.14442140369527,28.508531847584567,0.048098,113.786,120.94,0.796837,0.671932,0.404542,0.798845,0.320378,1893.68,143.727,134,43,B0278,672,0,0,28026,0.02,52_379,77.789
881ec91719fffff,41.09769185518059,29.07467663651727,1.0,142.676,147.269,0.951462,0.936211,0.964635,0.868334,0.943631,2394.14,8578.315,6784,2154,B0279,765,1,0,205859,0.22008916872300952,56_379,127.002
881ec9c45dfffff,41.12176481154017,28.695070152795726,0.607225,121.184,126.331,0.827684,0.737256,0.740855,0.767314,0.707213,2057.2,4145.081,3733,1185,B0280,807,0,0,219923,0.02,53_379,135.976
881ec90267fffff,40.99067642868629,28.95767086944049,1.0,138.039,143.817,0.923986,0.908511,0.925877,0.898478,0.904734,2273.28,7970.292,6452,2048,B0281,790,4,4,404403,0.21891559263226104,55_378,185.0
881ec9063bfffff,40.96353933736346,29.225208610713352,1.0,120.617,126.797,0.810884,0.751677,0.893478,0.830292,0.891154,1968.36,7133.437,6452,2048,B0282,655,0,4,386011,0.16727746253984163,57_378,185.0
881ec91855fffff,40.96702359973645,28.78842223075961,1.0,131.695,136.773,0.904054,0.85086,0.962523,0.813317,0.954239,2255.22,8274.275,6939,2203,B0283,519,1,0,382161,0.14626292299462482,54_378,177.736
881ec91189fffff,41.03122190391681,28.91133212165402,1.0,137.947,143.359,0.923525,0.905051,0.937388,0.881228,0.917882,2287.95,8050.756,6530,2073,B0284,547,0,4,404443,0.18941724851729574,55_378,185.0
881ec906a1fffff,40.93519114743899,29.25951055061942,1.0,119.371,125.139,0.800485,0.736942,0.902662,0.807811,0.903185,1959.5,7083.221,6477,2056,B0285,504,0,1,390268,0.09839447265443582,57_377,185.0
881ec911a5fffff,40.99920359657469,28.88539557883258,1.0,135.647,141.331,0.91338,0.890679,0.931782,0.878494,0.91379,2250.89,7913.309,6494,2062,B0286,671,2,31,404378,0.5105356602614584,54_378,185.0
881ec90483fffff,40.88959552616503,29.296142453609292,1.0,116.887,122.72,0.778466,0.712404,0.891619,0.804237,0.894223,1900.09,6925.435,6452,2048,B0287,709,0,22,336095,0.03414565180586893,57_377,182.039
881ec90035fffff,40.910716284723804,28.999338352440326,1.0,133.964,140.26,0.898901,0.876263,0.906564,0.900802,0.888047,2187.21,7787.714,6452,2048,B0288,561,0,0,362923,0.08964796804991293,55_377,175.976
881ec9c427fffff,41.07250592452429,28.671656148195503,0.991374,117.38,123.742,0.818759,0.706482,0.905093,0.784629,0.912758,1983.6,7165.079,6546,2078,B0289,772,3,4,358254,0.02,53_379,174.623
881ec9a9b3fffff,40.96325209867087,29.36714190694718,0.370648,119.754,124.287,0.803984,0.732591,0.628391,0.752678,0.570613,2021.99,2419.989,2218,704,B0290,650,0,0,144430,0.02,58_378,106.26
881ec912bdfffff,41.10013367471566,28.972725220001777,1.0,144.982,148.982,0.966129,0.95303,0.985576,0.853083,0.96,2457.08,8949.236,6994,2220,B0291,546,3,27,404143,0.3231258151077692,55_379,185.0
881ec91727fffff,41.06450467853743,29.02853175760021,1.0,139.582,145.1,0.928538,0.914812,0.929339,0.898373,0.907627,2295.5,8023.692,6452,2048,B0292,773,12,44,405863,0.5255808917453435,55_378,180.853
881ec98d25fffff,41.154179777625906,28.934593782037027,1.0,141.456,145.54,0.935996,0.919928,0.971578,0.847001,0.953124,2376.06,8617.387,6899,2190,B0293,772,0,0,367402,0.064023678947611,55_379,185.0
881ec9a1ddfffff,41.13864697655607,29.475186349055164,0.00193,113.255,118.147,0.763888,0.682809,0.428751,0.736865,0.339307,1904.76,483.467,462,147,B0294,727,0,0,13745,0.02,58_379,73.271
881ec956d1fffff,40.877017783215734,28.740374949428087,0.194721,127.26,132.77,0.860543,0.800385,0.524508,0.822972,0.439021,2124.32,1051.842,911,289,B0295,714,0,0,100225,0.02,53_377,105.543
881ec910bbfffff,41.04113455959488,29.0013423035797,1.0,144.018,148.447,0.963279,0.949561,0.974755,0.864829,0.952963,2431.62,8768.658,6874,2182,B0296,484,21,96,406072,0.78,55_378,166.06
881ec9c591fffff,41.03700347326271,28.727606530984836,1.0,116.769,123.874,0.806025,0.712764,0.877943,0.827429,0.881496,1918.1,7032.551,6452,2048,B0297,756,9,3,372546,0.029082015821829482,53_378,171.268
881ec91591fffff,41.00297499520345,29.1589153219882,1.0,134.334,138.922,0.909221,0.86562,0.968084,0.815439,0.957808,2288.26,8402.921,6973,2214,B0298,563,2,20,396862,0.40615920479911294,56_378,185.0
881ec91b27fffff,40.951974641247844,28.689019879960167,0.7912,119.456,125.679,0.813826,0.717791,0.792442,0.806827,0.776394,1975.09,5189.683,4711,1496,B0299,605,0,0,293990,0.02,53_377,168.073
881ec90587fffff,40.85032388719806,29.220512188283106,1.0,122.421,127.27,0.820358,0.757806,0.934977,0.780842,0.935811,2049.83,7573.3,6812,2163,B0300,806,0,3,359515,0.05665813037275561,57_377,174.946
881ec9c689fffff,41.142819306826674,28.753095557730628,0.592687,123.121,127.758,0.806009,0.752399,0.718375,0.792199,0.677265,2020.5,3787.4,3418,1085,B0301,668,0,1,223893,0.02,53_379,139.148
881ec910d5fffff,41.07063792091984,28.987038765995326,1.0,140.384,145.68,0.933622,0.920665,0.937112,0.892422,0.915336,2318.02,8109.057,6494,2062,B0302,657,12,65,403666,0.6736850954397194,55_379,182.623
881ec91137fffff,41.01883370155814,28.85214101769636,1.0,130.11,136.57,0.875411,0.845092,0.899071,0.888457,0.884122,2120.56,7607.49,6452,2048,B0303,790,1,13,405304,0.29126338522658946,54_378,185.0
881ec93a4dfffff,40.85763900406829,29.270134234539647,0.991089,122.616,127.083,0.820712,0.755703,0.941634,0.765046,0.94298,2067.16,7632.771,6870,2181,B0304,786,1,21,315295,0.033969031082485154,57_377,175.507
881ec90621fffff,40.96112869184801,29.184986287010748,1.0,129.084,133.918,0.872664,0.819681,0.952034,0.803494,0.946428,2184.39,8019.153,6882,2185,B0305,720,6,5,398768,0.3463625319004168,56_378,179.521
881ec91a33fffff,40.98919145342562,28.795415367172787,1.0,129.901,135.442,0.889592,0.837498,0.943095,0.828606,0.934583,2198.04,7950.586,6739,2139,B0306,666,1,0,393635,0.17448645369744345,54_378,185.0
881ec9159dfffff,41.00667349373553,29.148257482910157,1.0,129.591,135.655,0.872183,0.83164,0.910018,0.865683,0.898392,2129.53,7570.305,6452,2048,B0307,548,2,35,371027,0.49349609497092195,56_378,185.0
881ec90181fffff,40.87624720288608,29.00416475736511,0.622584,131.365,137.716,0.882351,0.8534,0.7136,0.890235,0.660121,2142.8,4056.769,3416,1084,B0308,801,0,0,167747,0.03573136193818216,55_377,120.328
881ec90303fffff,40.958658829012805,28.931732420023913,1.0,134.766,141.124,0.903961,0.886477,0.90582,0.908589,0.885645,2197.38,7828.947,6452,2048,B0309,620,0,0,404859,0.21817716901981865,55_377,185.0
881ec98db7fffff,41.12227548732279,29.05091638071207,1.0,137.842,143.755,0.911314,0.899209,0.90869,0.913479,0.886862,2233.97,7932.038,6452,2048,B0310,493,0,0,332163,0.2125961401446277,56_379,167.587
881ec9c411fffff,41.09724374265115,28.718949285738315,0.907745,122.699,127.73,0.839154,0.752008,0.898397,0.768295,0.893471,2091.57,6898.662,6150,1952,B0311,569,0,0,325738,0.02,53_379,166.861
881ec93b4dfffff,40.82325280975335,29.203984193972353,0.749996,122.237,127.081,0.818594,0.756245,0.809397,0.780385,0.785345,2045.51,5263.179,4741,1505,B0312,579,0,0,273353,0.03266169472348195,57_376,157.075
881ec9c43bfffff,41.083693980362256,28.71072732728431,1.0,116.4,123.083,0.799856,0.704577,0.886749,0.809987,0.892173,1920.27,6992.531,6452,2048,B0313,781,0,1,360366,0.02,53_379,181.196
881ec91237fffff,41.113600235570956,28.909833308270652,1.0,141.567,145.552,0.940497,0.922327,0.978886,0.839564,0.96,2392.18,8733.022,6980,2216,B0314,816,0,1,404849,0.10102747451364812,55_379,185.0
881ec98d37fffff,41.14806472356035,28.97613484397613,1.0,143.834,147.92,0.954421,0.941465,0.977114,0.855453,0.956401,2423.16,8780.401,6919,2197,B0315,501,0,0,392057,0.11495023177277726,55_379,185.0
881ec9061bfffff,40.981963036262655,29.242952034165157,1.0,121.211,127.015,0.816631,0.755308,0.907987,0.8143,0.906671,1999.47,7209.725,6501,2064,B0316,731,2,14,398049,0.09263462286267882,57_378,185.0
881ec916c5fffff,41.1160654536326,29.16354209896804,0.849885,132.58,138.574,0.887661,0.856839,0.836376,0.881149,0.80617,2171.46,6192.095,5186,1646,B0317,565,0,0,301550,0.05025657912013671,56_379,168.256
881ec9cb37fffff,40.982002548258876,28.28816870413577,0.00033,123.487,127.742,0.784859,0.70918,0.403641,0.7879,0.308448,1980.76,131.904,120,38,B0318,592,0,0,21403,0.02,50_378,72.144
881ec9ce99fffff,41.01095684955092,28.66020272062923,1.0,117.443,123.847,0.810801,0.699704,0.898543,0.793601,0.906819,1960.61,7105.491,6508,2066,B0319,575,7,21,364479,0.02,53_378,176.103
881ec91211fffff,41.140655581448016,28.926337941708898,1.0,138.696,143.449,0.916249,0.899599,0.945675,0.86585,0.927372,2296.71,8165.393,6638,2107,B0320,564,0,0,393302,0.07493010130613871,55_379,185.0
